{"cameraMode":{"drawMode":0,"name":"Shaded","section":"Shading Mode"},"sceneLighting":true,"audioPlay":false,"sceneViewState":{"showFog":true,"showMaterialUpdate":true,"showSkybox":true,"showFlares":true,"showImageEffects":true,"showParticleSystems":true},"in2DMode":false,"pivot":{"x":-1.7307910919189454,"y":-2.541269302368164,"z":-18.441240310668947},"rotation":{"x":-0.055066559463739398,"y":0.9406693577766419,"z":-0.18609404563903809,"w":-0.27835190296173098},"size":63.330265045166019,"orthographic":false}